SampleNo,River,Site,Material,Depth/m ,Reference,ProfileNo,SiO2,Al2O3,Fe2O3,MgO,Na2O,CaO,K2O,Basin,D90,phi_d90,Longitude,Latitude
AM-05-01,Solimoes,Manacapuru,Suspended,24,Bouchez et al 2011,Solimoes 1,62.45629712,16.13122835,6.42307022,1.57993296,1.43225,1.55912856,2.23007598,Amazon,73,3.77595972578207,60.554,3.314
AM-05-02,Solimoes,Manacapuru,Suspended,12,Bouchez et al 2011,Solimoes 1,58.75762032,16.9495708,7.08058925,1.68738432,1.3531224,1.86989088,2.27597124,Amazon,65,3.94341647163363,60.554,3.314
AM-05-03,Solimoes,Manacapuru,Suspended,4,Bouchez et al 2011,Solimoes 1,57.9498584,17.11754735,7.2857512,1.69534368,1.3221184,1.846944,2.2580227,Amazon,58,4.10780328953452,60.554,3.314
AM-05-04,Solimoes,Manacapuru,Suspended,28,Bouchez et al 2011,Solimoes 2,68.29524352,13.1051941,5.21611748,1.29240108,1.4001676,1.52806632,1.98614448,Amazon,199,2.32915966411844,60.549,3.325
AM-05-05,Solimoes,Manacapuru,Suspended,21,Bouchez et al 2011,Solimoes 2,66.5301896,14.0174447,5.61543269,1.38691848,1.3901924,1.58613312,2.07203246,Amazon,316,1.66200353648498,60.549,3.325
AM-05-06,Solimoes,Manacapuru,Suspended,14,Bouchez et al 2011,Solimoes 2,62.16664944,15.88710495,6.49712868,1.57495836,1.329128,1.52610744,2.18899912,Amazon,122,3.0350469470992,60.549,3.325
AM-05-07,Solimoes,Manacapuru,Suspended,7,Bouchez et al 2011,Solimoes 2,60.55946848,16.2512116,6.49412631,1.65853164,1.4721508,1.82189832,2.24007416,Amazon,100,3.32192809488736,60.549,3.325
AM-05-08,Solimoes,Manacapuru,Suspended,2,Bouchez et al 2011,Solimoes 2,62.18675792,15.93623195,6.37703388,1.58988216,1.3771168,1.56206688,2.2110433,Amazon,105,3.25153876699596,60.549,3.325
AM-05-10,Solimoes,Manacapuru,Bedload,,Bouchez et al 2011,,83.63501888,5.87086545,3.04140081,0.5621298,1.0240756,0.860508,1.2624208,Amazon,522,0.937878288092202,,
AM-05-11,Amazon,Iracema,Suspended,45,Bouchez et al 2011,Amazon 1,64.22113712,15.0948376,5.96570919,1.55406504,1.48617,1.61103888,2.1490064,Amazon,117,3.09541956507868,58.829,3.326
AM-05-12,Amazon,Iracema,Suspended,30,Bouchez et al 2011,Amazon 1,62.2785296,16.1722305,6.33399991,1.61077548,1.3872268,1.51211544,2.23296702,Amazon,77,3.69899774396719,58.829,3.326
AM-05-13,Amazon,Iracema,Suspended,15,Bouchez et al 2011,Amazon 1,60.22896208,16.53936035,6.62022585,1.63266372,1.337216,1.57913712,2.22899184,Amazon,84,3.57346686188333,58.829,3.326
AM-05-14,Amazon,Iracema,Suspended,3,Bouchez et al 2011,Amazon 1,55.76766048,18.39598305,7.53094475,1.63863324,1.0380948,1.34924856,2.28596942,Amazon,69,3.85725982788392,58.829,3.326
AM-05-15,Madeira,Foz Madeira,Suspended,23,Bouchez et al 2011,Madeira 1,58.02772528,19.57729845,7.4158539,1.43168988,0.7160576,0.44578512,3.26362278,Amazon,78,3.68038206579984,58.808,3.45
AM-05-16,Madeira,Foz Madeira,Suspended,18,Bouchez et al 2011,Madeira 1,56.61414192,19.58334485,7.86120545,1.442634,0.7250892,0.57870912,3.22061856,Amazon,49,4.35107444054688,58.808,3.45
AM-05-17,Madeira,Foz Madeira,Suspended,12,Bouchez et al 2011,Madeira 1,56.32877264,20.1314888,7.88222204,1.417761,0.6680688,0.45879768,3.24362642,Amazon,31,5.01158797427521,58.808,3.45
AM-05-18,Madeira,Foz Madeira,Suspended,8,Bouchez et al 2011,Madeira 1,54.1025072,20.86669325,8.48169525,1.49436984,0.686132,0.62166456,3.33348958,Amazon,32,4.96578428466209,58.808,3.45
AM-05-19,Madeira,Foz Madeira,Suspended,3,Bouchez et al 2011,Madeira 1,52.48334672,21.1287669,8.63081296,1.5321768,0.7001512,0.75262968,3.35457008,Amazon,36,4.79585928321978,58.808,3.45
AM-05-20,Madeira,Foz Madeira,Bedload,,Bouchez et al 2011,,84.67317264,6.7560962,3.06141661,0.42184608,0.6700908,0.25087656,1.63729232,Amazon,363,1.46195854666634,,
AM-05-21,Madeira,Foz Madeira,Suspended,21,Bouchez et al 2011,Madeira 2,55.65791952,19.92043165,7.61501111,1.44661368,0.6730564,0.46467432,3.29060582,Amazon,30,5.05889368905357,58.799,3.456
AM-05-22,Madeira,Foz Madeira,Suspended,15,Bouchez et al 2011,Madeira 2,56.55638352,19.41026665,7.5259408,1.38890832,0.6621376,0.475728,3.17857802,Amazon,32,4.96578428466209,58.799,3.456
AM-05-23,Madeira,Foz Madeira,Suspended,3,Bouchez et al 2011,Madeira 2,54.30808432,20.67169685,8.2365017,1.44064416,0.6431308,0.44970288,3.33059854,Amazon,29,5.10780328953452,58.799,3.456
AM-05-24,Madeira,Foz Madeira,Bedload,,Bouchez et al 2011,,68.66853392,13.82943945,5.34021544,1.08247296,0.688154,0.37680456,2.46894816,Amazon,115,3.12029423371771,,
AM-05-26,Amazon,Parintins,Suspended,60,Bouchez et al 2011,Amazon 2,62.85247696,15.4719818,6.02175343,1.40184228,1.1501136,1.13838912,2.25296338,Amazon,89,3.49005085369569,56.59944444,2.66111111
AM-05-27,Amazon,Parintins,Suspended,50,Bouchez et al 2011,Amazon 2,63.66815392,15.08482325,5.99873526,1.38492864,1.1561796,1.13936856,2.2110433,Amazon,100,3.32192809488736,56.59944444,2.66111111
AM-05-28,Amazon,Parintins,Suspended,30,Bouchez et al 2011,Amazon 2,64.10048624,15.4500636,6.08380241,1.43367972,1.1381164,1.14328632,2.27199606,Amazon,87,3.52284078881336,56.59944444,2.66111111
AM-05-29,Amazon,Parintins,Suspended,10,Bouchez et al 2011,Amazon 2,59.27273968,17.14362245,6.5651824,1.5122784,1.0751648,1.03638744,2.37595304,Amazon,35,4.83650126771712,56.59944444,2.66111111
AM-05-30,Amazon,Parintins,Suspended,2,Bouchez et al 2011,Amazon 2,54.24134128,18.9751148,7.5159329,1.566999,0.905182,1.02043656,2.46497298,Amazon,45,4.47393118833241,56.59944444,2.66111111
AM-05-31,Amazon,Parintins,Suspended,20,Bouchez et al 2011,Amazon 3,63.44952768,15.76315375,6.16686798,1.51625808,1.1991808,1.23031656,2.30403842,Amazon,77,3.69899774396719,56.66027778,2.58583333
AM-05-32,Amazon,Parintins,Suspended,10,Bouchez et al 2011,Amazon 3,61.34819152,16.90441175,6.59620689,1.55008536,1.118166,1.19533656,2.39498572,Amazon,64,3.96578428466209,56.66027778,2.58583333
AM-05-33,Amazon,Parintins,Suspended,2,Bouchez et al 2011,Amazon 3,56.6920088,18.6550335,7.38482941,1.56600408,0.9661116,1.17630744,2.47497116,Amazon,43,4.53951952995999,56.66027778,2.58583333
AM-05-34,Amazon,Parintins,Bedload,,Bouchez et al 2011,,66.16481424,14.84485675,6.16286482,1.37199468,0.9871404,0.88051656,2.4929197,Amazon,71,3.81603716515741,,
AM-05-35,Amazon,Obidos,Suspended,58,Bouchez et al 2011,Amazon 4,71.07042768,12.3259643,4.75575408,1.14017832,1.1261192,1.05835488,1.97710998,Amazon,170,2.55639334852439,55.50277778,1.93666667
AM-05-36,Amazon,Obidos,Suspended,45,Bouchez et al 2011,Amazon 4,69.59095696,12.84123095,4.90887495,1.15012752,1.1561796,1.05443712,2.0550476,Amazon,165,2.59946207041627,55.50277778,1.93666667
AM-05-37,Amazon,Obidos,Suspended,30,Bouchez et al 2011,Amazon 4,66.85470624,14.34262765,5.54037344,1.28742648,1.1231536,1.05345768,2.19309476,Amazon,147,2.76611193982572,55.50277778,1.93666667
AM-05-38,Amazon,Obidos,Suspended,15,Bouchez et al 2011,Amazon 4,58.89923536,17.98785105,7.05156634,1.5471006,0.9841748,1.063392,2.4989427,Amazon,55,4.18442457113743,55.50277778,1.93666667
AM-05-39,Amazon,Obidos,Suspended,2,Bouchez et al 2011,Amazon 4,62.79557424,15.66603345,6.24593039,1.46949684,1.1331288,1.20736968,2.32295064,Amazon,82,3.608232280044,55.50277778,1.93666667
AM-05-40,Amazon,Obidos,Suspended,43,Bouchez et al 2011,Amazon 5,67.57454704,13.7525368,5.30018384,1.31428932,1.209156,1.15028232,2.15900458,Amazon,133,2.9105018491609,55.51111111,1.94361111
AM-05-41,Amazon,Obidos,Suspended,30,Bouchez et al 2011,Amazon 5,56.12811568,18.09479675,7.41285153,1.54610568,0.9710992,1.24025088,2.45894998,Amazon,57,4.13289427049735,55.51111111,1.94361111
AM-05-43,Amazon,Obidos,Suspended,2,Bouchez et al 2011,Amazon 5,60.06638288,17.08655955,6.64224323,1.50133428,1.0351292,1.05541656,2.43293062,Amazon,61,4.0350469470992,55.51111111,1.94361111
AM-05-44,Amazon,Obidos,Bedload,,Bouchez et al 2011,,77.00542416,5.5237643,8.42465022,0.94815876,0.7610808,1.20736968,1.00656376,Amazon,235,2.08926733809709,,
AM-05-46,Amazon,Obidos,Bedload,,Bouchez et al 2011,,86.27650304,5.57988245,2.2517775,0.4079172,0.926076,0.58864344,1.31144802,Amazon,434,1.20423305221761,,
AM-06-01,Solimoes,Manacapuru,Bedload,,Bouchez et al 2011,,87.9596256,4.8556371,2.1817222,0.4576632,0.8341424,0.72562512,1.0775147,Amazon,530,0.915935735211525,,
AM-06-02,Solimoes,Manacapuru,Bedload,,Bouchez et al 2011,,83.68892672,6.9612959,3.05040792,0.72828144,1.1831396,1.10131032,1.42733054,Amazon,445,1.16812275880833,,
AM-06-03,Solimoes,Manacapuru,Bedload,,Bouchez et al 2011,,85.89615328,5.9379427,2.38688415,0.52531776,1.0091128,0.81251544,1.37336446,Amazon,489,1.03209362970985,,
AM-06-04,Solimoes,Manacapuru,Bedload,,Bouchez et al 2011,,86.69279136,4.81463495,2.50597816,0.49447524,0.833064,0.727584,1.0714917,Amazon,514,0.960159735468209,,
AM-06-05,Solimoes,Manacapuru,Bedload,,Bouchez et al 2011,,77.40566848,8.88386215,4.71272011,0.9998946,1.488192,1.49518512,1.62524632,Amazon,351,1.51045706435753,,
AM-06-06,Solimoes,Manacapuru,Bedload,,Bouchez et al 2011,,85.42189264,6.1480551,2.62707375,0.6267996,1.0761084,0.93144744,1.30446134,Amazon,360,1.47393118833241,,
AM-06-07,Solimoes,Manacapuru,Suspended,20,Bouchez et al 2011,Solimoes 3,68.25737968,13.2843187,4.92088443,1.30434012,1.4442472,1.3992,2.09106514,Amazon,176,2.50635266602479,60.55333333,3.31166667
AM-06-08,Solimoes,Manacapuru,Suspended,10,Bouchez et al 2011,Solimoes 3,58.53792448,17.3206686,6.67026535,1.72320144,1.1591452,1.33427712,2.38197604,Amazon,89,3.49005085369569,60.55333333,3.31166667
AM-06-09,Solimoes,Manacapuru,Suspended,0,Bouchez et al 2011,Solimoes 3,56.49135184,18.5250359,7.10460821,1.77692712,1.0491484,1.210308,2.47894634,Amazon,46,4.44222232860508,60.55333333,3.31166667
AM-06-10,Solimoes,Manacapuru,Suspended,22,Bouchez et al 2011,Solimoes 4,59.94551808,16.25329005,6.38804257,1.63067388,1.20309,1.41822912,2.29199242,Amazon,83,3.59074485331516,,
AM-06-11,Solimoes,Manacapuru,Suspended,15,Bouchez et al 2011,Solimoes 4,59.77288464,16.76836775,6.59620689,1.67942496,1.1811176,1.42620456,2.31993914,Amazon,72,3.79585928321978,,
AM-06-12,Solimoes,Manacapuru,Suspended,10,Bouchez et al 2011,Solimoes 4,60.6912432,16.48229745,6.44808997,1.66848084,1.2411036,1.46720112,2.32403478,Amazon,77,3.69899774396719,,
AM-06-13,Solimoes,Manacapuru,Suspended,5,Bouchez et al 2011,Solimoes 4,56.52044496,18.44397635,6.99452131,1.75304904,1.0201664,1.23423432,2.42196876,Amazon,47,4.41119543298445,,
AM-06-14,Solimoes,Manacapuru,Suspended,0,Bouchez et al 2011,Solimoes 4,55.69578336,18.99608825,7.16165324,1.7858814,0.9841748,1.266276,2.50291788,Amazon,35,4.83650126771712,,
AM-06-15,Solimoes,Manacapuru,Suspended,25,Bouchez et al 2011,Solimoes 5,63.91266448,15.02889405,5.64045244,1.4575578,1.4021896,1.490148,2.15105422,Amazon,127,2.97709959788992,60.55305556,3.32805556
AM-06-16,Solimoes,Manacapuru,Suspended,18,Bouchez et al 2011,Solimoes 5,58.96212784,17.07144355,6.8353957,1.61077548,1.089184,1.41025368,2.2550112,Amazon,,,60.55305556,3.32805556
AM-06-17,Solimoes,Manacapuru,Suspended,12,Bouchez et al 2011,Solimoes 5,56.26074608,18.5310823,7.4258618,1.68937416,0.932142,1.19533656,2.33897182,Amazon,55,4.18442457113743,60.55305556,3.32805556
AM-06-18,Solimoes,Manacapuru,Suspended,6,Bouchez et al 2011,Solimoes 5,55.83162256,18.7910775,7.66705219,1.68439956,0.9070692,1.36016232,2.34692218,Amazon,43,4.53951952995999,60.55305556,3.32805556
AM-06-19,Solimoes,Manacapuru,Suspended,0,Bouchez et al 2011,Solimoes 5,51.77356016,20.0234094,8.47468972,1.69434876,0.6771004,1.21226688,2.38101236,Amazon,40,4.64385618977472,60.55305556,3.32805556
AM-06-23,Amazon,Iracema,Suspended,35,Bouchez et al 2011,Amazon 6,57.61849632,18.60193855,7.05356792,1.76498808,1.04807,1.26333768,2.48292152,Amazon,53,4.23786383009889,58.82777778,3.31805556
AM-06-24,Amazon,Iracema,Suspended,25,Bouchez et al 2011,Amazon 6,58.92918416,17.6997023,6.78435541,1.74906936,1.1391948,1.385208,2.41895726,Amazon,51,4.29335894269059,58.82777778,3.31805556
AM-06-25,Amazon,Iracema,Suspended,15,Bouchez et al 2011,Amazon 6,59.4333936,17.6267676,6.66826377,1.72817604,1.1571232,1.29426,2.41895726,Amazon,54,4.21089678249862,58.82777778,3.31805556
AM-06-26,Amazon,Iracema,Suspended,0,Bouchez et al 2011,Amazon 6,53.66525472,19.964457,7.69507431,1.79384076,0.8511272,1.31426856,2.55592028,Amazon,37,4.75633091903314,58.82777778,3.31805556
AM-06-27,Amazon,Iracema,Suspended,45,Bouchez et al 2011,Amazon 7,59.93161328,17.5636583,6.72731038,1.71325224,1.1571232,1.40913432,2.4049839,Amazon,57,4.13289427049735,58.82944444,3.32611111
AM-06-28,Amazon,Iracema,Suspended,25,Bouchez et al 2011,Amazon 7,58.42112416,18.50406245,6.97250393,1.765983,1.0771868,1.26123888,2.47195966,Amazon,46,4.44222232860508,58.82944444,3.32611111
AM-06-29,Amazon,Iracema,Suspended,15,Bouchez et al 2011,Amazon 7,57.1572848,18.8390708,7.31477411,1.76797284,1.0201664,1.245288,2.44991548,Amazon,43,4.53951952995999,58.82944444,3.32611111
AM-06-30,Amazon,Iracema,Suspended,0,Bouchez et al 2011,Amazon 7,53.85393216,20.74576525,7.75412092,1.78986108,0.7941068,1.04044512,2.58181918,Amazon,34,4.87832144341175,58.82944444,3.32611111
AM-06-32,Amazon,Iracema,Bedload,,Bouchez et al 2011,,83.23177968,7.3773638,3.14147981,0.69445416,1.2261408,1.028412,1.54634502,Amazon,384,1.38082178394093,,
AM-06-33,Madeira,Foz Madeira,Suspended,12,Bouchez et al 2011,Madeira 3,69.76466,13.66845405,5.61243032,1.11331548,0.7431524,0.41178456,2.4519633,Amazon,102,3.29335894269059,58.79138889,3.40805556
AM-06-34,Madeira,Foz Madeira,Suspended,6,Bouchez et al 2011,Madeira 3,64.37687088,16.3543783,6.57018635,1.29737568,0.7610808,0.42577656,2.84671072,Amazon,56,4.15842936260448,58.79138889,3.40805556
AM-06-35,Madeira,Foz Madeira,Suspended,0,Bouchez et al 2011,Madeira 3,57.04647424,19.88150795,7.79515331,1.49138508,0.7160576,0.42871488,3.31156586,Amazon,29,5.10780328953452,58.79138889,3.40805556
AM-06-36,Madeira,Foz Madeira,Suspended,15,Bouchez et al 2011,Madeira 4,64.2391064,16.1242372,6.45809787,1.27449252,0.7391084,0.447744,2.79575614,Amazon,64,3.96578428466209,58.78527778,3.40777778
AM-06-37,Madeira,Foz Madeira,Suspended,10,Bouchez et al 2011,Madeira 4,64.24616576,16.1722305,6.47811367,1.28145696,0.7370864,0.41374344,2.79479246,Amazon,56,4.15842936260448,58.78527778,3.40777778
AM-06-38,Madeira,Foz Madeira,Suspended,0,Bouchez et al 2011,Madeira 4,63.15410416,17.0225055,6.78435541,1.32423852,0.740052,0.42479712,2.90176094,Amazon,48,4.38082178394093,58.78527778,3.40777778
AM-06-39,Madeira,Foz Madeira,Suspended,11,Bouchez et al 2011,Madeira 5,63.50044064,16.74040315,6.63023375,1.31926392,0.7330424,0.42381768,2.87369376,Amazon,47,4.41119543298445,,
AM-06-40,Madeira,Foz Madeira,Suspended,5,Bouchez et al 2011,Madeira 5,64.15225488,16.17128575,6.48011525,1.27946712,0.7271112,0.43976856,2.78973314,Amazon,55,4.18442457113743,,
AM-06-41,Madeira,Foz Madeira,Suspended,0,Bouchez et al 2011,Madeira 5,61.22625712,18.08686085,6.99452131,1.42870512,0.769034,0.47167032,3.12160044,Amazon,30,5.05889368905357,,
AM-06-42,Madeira,Foz Madeira,Suspended,7,Bouchez et al 2011,Madeira 6,63.96764192,16.5384156,6.64024165,1.29439092,0.7101264,0.45879768,2.83273736,Amazon,69,3.85725982788392,58.78194444,3.41027778
AM-06-43,Madeira,Foz Madeira,Suspended,0,Bouchez et al 2011,Madeira 6,60.0933368,18.9562198,7.31377332,1.41875592,0.7350644,0.42171888,3.16857984,Amazon,38,4.7178567712185,58.78194444,3.41027778
AM-06-44,Madeira,Foz Madeira,Bedload,,Bouchez et al 2011,,86.34731056,4.7415113,4.04919634,0.39697308,0.3670604,0.30684456,1.05354316,Amazon,264,1.92139016530363,,
AM-06-46,Amazon,Parintins,Suspended,36,Bouchez et al 2011,Amazon 8,66.33359712,14.96691845,5.86162703,1.35209628,1.0351292,0.90444288,2.41498208,Amazon,,,56.66194444,2.59388889
AM-06-47,Amazon,Parintins,Suspended,27,Bouchez et al 2011,Amazon 8,64.40681968,15.6329672,6.10381821,1.3729896,0.998194,0.85756968,2.50990456,Amazon,92,3.44222232860507,56.66194444,2.59388889
AM-06-48,Amazon,Parintins,Suspended,18,Bouchez et al 2011,Amazon 8,62.79257936,16.10628695,6.23792407,1.41179148,0.9871404,0.84049944,2.5489336,Amazon,77,3.69899774396719,56.66194444,2.59388889
AM-06-51,Amazon,Parintins,Suspended,8,Bouchez et al 2011,Amazon 8,55.92232464,19.26024035,7.37081835,1.58490756,0.837108,0.8745,2.8717664,Amazon,34,4.87832144341175,56.66194444,2.59388889
AM-06-52,Amazon,Parintins,Suspended,0,Bouchez et al 2011,Amazon 8,53.24297664,20.2195395,7.82918017,1.65455196,0.7250892,0.87743832,2.98969674,Amazon,26,5.265344566521,56.66194444,2.59388889
AM-06-53,Amazon,Parintins,Bedload,,Bouchez et al 2011,,84.4117624,6.51216175,2.49597026,0.4079172,0.9911844,0.61368912,1.54827238,Amazon,357,1.48600402063299,,
AM-06-54,Amazon,Parintins,Bedload,,Bouchez et al 2011,,76.85867504,9.09888725,4.41748706,0.96706224,1.306212,1.28222688,1.67330986,Amazon,195,2.35845397091248,,
AM-06-55,Amazon,Obidos,Suspended,55,Bouchez et al 2011,Amazon 9,69.43137264,13.11218525,4.98093183,1.12624944,1.0011596,0.87547944,2.19008326,Amazon,205,2.28630418515664,55.50527778,1.93472222
AM-06-56,Amazon,Obidos,Suspended,40,Bouchez et al 2011,Amazon 9,61.44702256,16.69845625,6.42206943,1.43467464,0.9310636,0.91045944,2.5808555,Amazon,67,3.89969509420431,55.50527778,1.93472222
AM-06-57,Amazon,Obidos,Suspended,25,Bouchez et al 2011,Amazon 9,60.2281064,17.26757365,6.65325192,1.48840032,0.9190664,0.923472,2.63289422,Amazon,56,4.15842936260448,55.50527778,1.93472222
AM-06-58,Amazon,Obidos,Suspended,10,Bouchez et al 2011,Amazon 9,59.8826256,17.5065954,6.6552535,1.4973546,0.9041036,0.88947144,2.68577616,Amazon,52,4.265344566521,55.50527778,1.93472222
AM-06-59,Amazon,Obidos,Suspended,0,Bouchez et al 2011,Amazon 9,55.73664208,19.6183006,7.51893527,1.61575008,0.7981508,0.95341488,2.88176458,Amazon,31,5.01158797427521,55.50527778,1.93472222
AM-06-60,Amazon,Obidos,Suspended,35,Bouchez et al 2011,Amazon 10,62.3223832,16.04922405,6.28295962,1.44661368,1.0141004,0.90150456,2.50087006,Amazon,66,3.92139016530363,,
AM-06-61,Amazon,Obidos,Suspended,20,Bouchez et al 2011,Amazon 10,58.53899408,18.2128905,6.89444231,1.52521236,0.8900844,0.79852344,2.75684756,Amazon,39,4.68038206579984,,
AM-06-62,Amazon,Obidos,Suspended,0,Bouchez et al 2011,Amazon 10,53.55850864,20.34065645,7.79014936,1.61873484,0.7350644,0.87044232,2.94368102,Amazon,30,5.05889368905357,,
AM-06-63,Amazon,Obidos,Suspended,45,Bouchez et al 2011,Amazon 11,61.09362672,17.0115464,6.59120294,1.47646128,0.9661116,0.85952856,2.62988272,Amazon,58,4.10780328953452,,
AM-06-64,Amazon,Obidos,Suspended,20,Bouchez et al 2011,Amazon 11,58.041844,18.6470976,7.04255923,1.54511076,0.862046,0.78159312,2.78876946,Amazon,42,4.57346686188333,,
AM-06-65,Amazon,Obidos,Suspended,0,Bouchez et al 2011,Amazon 11,54.23535152,20.2875615,7.78314383,1.61972976,0.7391084,0.88247544,2.93368284,Amazon,27,5.21089678249862,,
AM-06-66,Amazon,Obidos,Suspended,,Bouchez et al 2011,Amazon 11,65.23041168,15.0098101,5.50734737,1.42671528,1.1851616,1.14538512,2.26898456,Amazon,71,3.81603716515741,,
AM-07-01,Beni,Rurrenabaque,Suspended,4.5,Bouchez et al 2012,Beni 1,74.74814032,11.00161375,4.80078963,0.89244324,0.55605,0.30278688,2.07203246,Amazon,213,2.23107466443625,67.53472222,14.47416667
AM-07-02,Beni,Rurrenabaque,Suspended,3,Bouchez et al 2012,Beni 1,63.75393584,17.2825007,6.61221953,1.318269,0.7741564,0.33678744,3.14063312,Amazon,55,4.18442457113743,67.53472222,14.47416667
AM-07-03,Beni,Rurrenabaque,Suspended,1.5,Bouchez et al 2012,Beni 1,61.84919216,17.5587456,6.65425271,1.33020804,0.7830532,0.34882056,3.19255138,Amazon,52,4.265344566521,67.53472222,14.47416667
AM-07-04,Beni,Rurrenabaque,Suspended,0,Bouchez et al 2012,Beni 1,61.86416656,18.00485655,6.75233013,1.36105056,0.8120352,0.37484568,3.26651382,Amazon,44,4.50635266602479,67.53472222,14.47416667
AM-07-05,Beni,Rurrenabaque,Bank,,Bouchez et al 2012,,83.72294,7.17839945,3.56681556,0.60292152,0.405074,0.24388056,1.42841468,Amazon,328,1.608232280044,,
AM-07-06,Beni,Riberalta,Suspended,7,Bouchez et al 2012,Beni 2,71.76737904,12.93721755,5.23012854,0.99889968,0.6771004,0.27088512,2.47882588,Amazon,109,3.19759995988516,66.09444444,11.00222222
AM-07-07,Beni,Riberalta,Suspended,5,Bouchez et al 2012,Beni 2,73.11101056,12.1328574,4.89586468,0.9401994,0.6700908,0.25983144,2.36993004,Amazon,107,3.22431729826094,66.09444444,11.00222222
AM-07-08,Beni,Riberalta,Suspended,2.5,Bouchez et al 2012,Beni 2,69.07883248,13.75650475,5.52336001,1.08048312,0.7020384,0.29579088,2.60085186,Amazon,79,3.66200353648498,66.09444444,11.00222222
AM-07-09,Beni,Riberalta,Suspended,0,Bouchez et al 2012,Beni 2,64.67250832,15.74312505,6.14384981,1.1988786,0.7051388,0.30880344,2.92970766,Amazon,50,4.32192809488736,66.09444444,11.00222222
AM-07-10,Beni,Riberalta,Bank,,Bouchez et al 2012,,84.29581776,6.6601096,2.9923621,0.49646508,0.4209804,0.14397768,1.4503384,Amazon,,,,
AM-07-11,Madre de Dios,Riberalta,Suspended,7,Bouchez et al 2012,Madre 1,80.321612,7.14023155,2.65509587,0.52929744,0.7330424,0.38380056,1.650302,Amazon,122,3.0350469470992,66.09861111,10.96277778
AM-07-12,Madre de Dios,Riberalta,Suspended,5,Bouchez et al 2012,Madre 1,61.33000832,16.4023716,7.0555695,1.39885752,0.7291332,0.75262968,2.46786402,Amazon,38,4.7178567712185,66.09861111,10.96277778
AM-07-13,Madre de Dios,Riberalta,Suspended,2.5,Bouchez et al 2012,Madre 1,60.56545824,16.82543065,7.19768168,1.42870512,0.7370864,0.76452288,2.51990274,Amazon,62,4.01158797427521,66.09861111,10.96277778
AM-07-14,Madre de Dios,Riberalta,Suspended,0,Bouchez et al 2012,Madre 1,58.83848208,17.84576065,7.45788708,1.49238,0.7201016,0.76452288,2.63578526,Amazon,35,4.83650126771712,66.09861111,10.96277778
AM-07-15,Madre de Dios,Riberalta,Bank,,Bouchez et al 2012,,82.8234064,7.29630425,2.67811404,0.53825172,0.7671468,0.398772,1.68427172,Amazon,,,,
AM-07-16,Mamore,Guayaramerin,Suspended,13,Bouchez et al 2012,Mamore 1,83.34045104,7.040277,2.68511957,0.49845492,0.469104,0.14789544,1.62223482,Amazon,228,2.13289427049735,65.31194444,10.83777778
AM-07-17,Mamore,Guayaramerin,Suspended,8,Bouchez et al 2012,Mamore 1,82.74553952,7.0142019,2.60105321,0.49447524,0.4600724,0.14285832,1.6472905,Amazon,224,2.15842936260448,65.31194444,10.83777778
AM-07-18,Mamore,Guayaramerin,Suspended,4,Bouchez et al 2012,Mamore 1,75.58585104,10.0472273,3.8430336,0.74817984,0.618058,0.22792968,2.08708996,Amazon,148,2.75633091903314,65.31194444,10.83777778
AM-07-19,Mamore,Guayaramerin,Suspended,0,Bouchez et al 2012,Mamore 1,70.60729088,12.30499085,4.80879595,0.94218924,0.71107,0.29579088,2.41498208,Amazon,82,3.608232280044,65.31194444,10.83777778
AM-08-01,Amazon,Tamshiyacu,Suspended,27,Bouchez et al 2012,Amazon 12,76.05904208,10.33839925,4.28538278,1.65355704,1.6982104,2.077812,1.8231621,Amazon,532,0.910501849160897,73.16555556,4.00222222
AM-08-02,Amazon,Tamshiyacu,Suspended,21,Bouchez et al 2012,Amazon 12,68.76950416,12.93910705,4.86584098,1.5819228,1.6461776,1.81000512,2.25296338,Amazon,241,2.05289494843213,73.16555556,4.00222222
AM-08-03,Amazon,Tamshiyacu,Suspended,14,Bouchez et al 2012,Amazon 12,61.57772768,14.83881035,5.85562229,1.7858814,1.4081208,1.74997944,2.33198514,Amazon,141,2.82623293226329,73.16555556,4.00222222
AM-08-04,Amazon,Tamshiyacu,Suspended,7,Bouchez et al 2012,Amazon 12,61.54884848,13.9705851,5.4643134,1.71524208,1.4461344,1.69806912,2.22598034,Amazon,166,2.59074485331516,73.16555556,4.00222222
AM-08-05,Amazon,Tamshiyacu,Suspended,0,Bouchez et al 2012,Amazon 12,60.87692576,16.5123405,6.45309392,1.93113972,1.3431472,1.76802912,2.60591118,Amazon,64,3.96578428466209,73.16555556,4.00222222
AM-08-06,Amazon,Tamshiyacu,Bedload,,Bouchez et al 2012,,79.38421456,7.3973925,3.85904624,1.96098732,1.579182,2.57354856,1.10955706,Amazon,618,0.694321256757713,,
AM-08-07,Amazon,Tamshiyacu,Deep Suspended,,Bouchez et al 2012,,70.4106984,11.74872205,4.47553288,1.49934444,1.7541524,1.81294344,2.12202336,Amazon,,,,
AM-08-08,Amazon,Tamshiyacu,Deep Suspended,,Bouchez et al 2012,,67.06434784,13.26032205,5.01095553,1.59485676,1.6212396,1.76593032,2.28295792,Amazon,,,,
AM-08-09,Amazon,Tamshiyacu,Deep Suspended,,Bouchez et al 2012,,66.34750192,14.29463435,5.50134263,1.69932336,1.5732508,1.74606168,2.3899264,Amazon,,,,
AM-08-10,Ucayali,Jenaro Herrera,Suspended,23,Bouchez et al 2012,Ucayali 1,61.7982792,15.53905905,6.06378661,1.86646992,1.3651196,1.58613312,2.77082092,Amazon,124,3.01158797427521,73.67444444,4.90777778
AM-08-12,Ucayali,Jenaro Herrera,Suspended,7,Bouchez et al 2012,Ucayali 1,61.66650448,15.91506955,6.29697068,1.94407368,1.364176,1.68505656,2.812741,Amazon,78,3.68038206579984,73.67444444,4.90777778
AM-08-13,Ucayali,Jenaro Herrera,Suspended,0,Bouchez et al 2012,Ucayali 1,59.54527376,16.1862128,6.38203783,1.98586032,1.3431472,1.67498232,2.80274282,Amazon,50,4.32192809488736,73.67444444,4.90777778
AM-08-15,Ucayali,Jenaro Herrera,Bedload,,Bouchez et al 2012,,61.6645792,14.1406401,6.18788457,1.73812524,0.3750136,1.077384,2.15009054,Amazon,43,4.53951952995999,,
AM-08-16,Ucayali,Jenaro Herrera,Deep Suspended,,Bouchez et al 2012,,74.53250896,11.7167895,4.04719476,1.1839548,1.8131948,1.20932856,2.50592938,Amazon,266,1.9105018491609,,
AM-08-17,Ucayali,Jenaro Herrera,Deep Suspended,,Bouchez et al 2012,,72.75461984,12.05595475,4.34643097,1.25160936,1.7391896,1.27131312,2.50894088,Amazon,280,1.83650126771712,,
AM-08-18,Ucayali,Jenaro Herrera,Deep Suspended,,Bouchez et al 2012,,68.60564144,13.62537345,5.05999424,1.53317172,1.5861916,1.378212,2.63879676,Amazon,265,1.91593573521153,,
AM-08-19,Maranon,San Regis,Bedload,,Bouchez et al 2012,Maranon 1,75.19651664,9.61509865,5.04798476,2.50918824,1.926292,3.18919656,1.38938564,Amazon,583,0.778432211461591,73.90666667,4.52333333
AM-08-20,Maranon,San Regis,Suspended,20,Bouchez et al 2012,Maranon 1,68.80137824,12.5100016,4.8938631,1.84856136,1.771272,2.52961368,1.87411668,Amazon,273,1.87302714374223,73.90666667,4.52333333
AM-08-21,Maranon,San Regis,Suspended,14,Bouchez et al 2012,Maranon 1,62.60989168,15.2909677,5.71250932,1.83960708,1.544134,2.29762632,2.19502212,Amazon,231,2.11403524324603,73.90666667,4.52333333
AM-08-22,Maranon,San Regis,Suspended,10,Bouchez et al 2012,Maranon 1,65.84650128,14.04748775,5.30118463,1.82468328,1.6362024,2.50260912,2.08106696,Amazon,247,2.01741705307741,73.90666667,4.52333333
AM-08-23,Maranon,San Regis,Suspended,5,Bouchez et al 2012,Maranon 1,65.33737168,14.41858555,5.5243608,1.8754242,1.606142,2.47854288,2.09407664,Amazon,210,2.25153876699596,73.90666667,4.52333333
AM-08-24,Maranon,San Regis,Suspended,0,Bouchez et al 2012,Maranon 1,58.94223328,16.99548565,6.37303072,1.93611432,1.3591884,2.16274344,2.36595486,Amazon,50,4.32192809488736,73.90666667,4.52333333
AM-08-25,Maranon,San Regis,Deep Suspended,,Bouchez et al 2012,,67.4885512,12.6910157,4.95591208,1.74409476,1.7042764,2.45055888,1.93013058,Amazon,189,2.40354186044101,,
AM-08-26,Maranon,San Regis,Deep Suspended,,Bouchez et al 2012,,67.79317328,12.7170908,4.89586468,1.72519128,1.6852696,2.399628,1.94217658,Amazon,193,2.37332724739401,,
AM-08-27,Maranon,San Regis,Deep Suspended,,Bouchez et al 2012,,69.23157136,12.49394085,4.78177462,1.69932336,1.7292144,2.41264056,1.93314208,Amazon,208,2.265344566521,,
AM-08-29,Maranon,Borja,Bedload,,Bouchez et al 2012,Maranon 2,70.88474512,9.57315175,3.95111892,1.28444172,1.4741728,5.52390168,1.65921604,Amazon,284,1.81603716515741,73.54555556,4.47888889
AM-08-30,Maranon,Borja,Suspended,14,Bouchez et al 2012,Maranon 2,64.7493056,12.3539289,4.35243571,1.25459412,1.1191096,5.20698288,1.9110979,Amazon,352,1.50635266602479,73.54555556,4.47888889
AM-08-31,Maranon,Borja,Suspended,8,Bouchez et al 2012,Maranon 2,59.80368912,14.3957226,5.10703137,1.38691848,1.0620892,5.45492112,2.15900458,Amazon,186,2.42662547355406,73.54555556,4.47888889
AM-08-32,Maranon,Borja,Suspended,4,Bouchez et al 2012,Maranon 2,60.07921808,13.876488,4.96692077,1.38592356,1.0901276,5.56685712,2.10612264,Amazon,259,1.94897599697553,73.54555556,4.47888889
AM-08-33,Maranon,Borja,Suspended,0,Bouchez et al 2012,Maranon 2,53.96581232,16.79633235,5.94269102,1.53615648,0.9111132,5.48192568,2.36800268,Amazon,75,3.73696559416621,73.54555556,4.47888889
AM-08-34,Morona,MoronaMouth,Suspended,0,Bouchez et al 2012,Morona 1,58.33534224,18.0828929,6.40305442,1.30036044,0.71107,1.12033944,1.61428446,Amazon,39,4.68038206579984,,
AM-08-35,Morona,MoronaMouth,Bedload,,Bouchez et al 2012,Morona 1,81.46565616,7.4854432,3.53078712,1.63266372,1.5251272,2.31763488,0.8926086,Amazon,598,0.741782610463982,,
AM-08-36,Pastaza,PastazaMouth,Suspended,0,Bouchez et al 2012,Pastaza 1,52.76379584,18.33400745,7.2357117,2.16793068,2.135232,3.29609544,1.54634502,Amazon,61,4.0350469470992,,
AM-08-37,Pastaza,PastazaMouth,Bedload,,Bouchez et al 2012,Pastaza 1,62.4293432,15.0808553,6.43608049,3.30213948,3.6333992,5.25903312,1.88315118,Amazon,,,,
AM-08-38,Huallaga,HuallagaMouth,Suspended,0,Bouchez et al 2012,Huallaga 1,58.250416,16.29221375,5.94269102,2.07341328,1.1401384,2.00183544,2.71974588,Amazon,40,4.64385618977472,,
AM-08-39,Huallaga,HuallagaMouth,Bedload,,Bouchez et al 2012,Huallaga 1,85.98899456,6.6631328,2.7521725,0.7561392,1.2911144,0.93340632,1.65524086,Amazon,350,1.51457317282976,,
BGP 11,Teesta,Kaunia,Bedload,,Lupker et al 2012,,73.72,12.22,4.39,1.56,1.77,1.44,2.55,Ganges-Brahmaputra,,,,
BGP 21,Lower Meghna,Bhola,Suspended,0,Lupker et al 2012,,52.83,18.1,7.67,2.82,0.94,2.56,3.18,Ganges-Brahmaputra,,,,
BGP 23,Lower Meghna,Chorfasson,Suspended,0,Lupker et al 2012,,55.84,19.66,8.13,3,0.97,1.36,3.56,Ganges-Brahmaputra,,,,
BGP 34,Lower Meghna,Chorfasson,Bedload,,Lupker et al 2012,,63.23,15.47,6.39,2.59,1.48,1.75,3.02,Ganges-Brahmaputra,,,,
BGP 76,Teesta,Kaunia,Bedload,,Lupker et al 2012,,69.87,13.99,4.94,1.94,1.78,1.16,3.08,Ganges-Brahmaputra,,,,
BR 1015,Brahmaputra,Jamuna bg.,Bedload,12,Lupker et al 2012,,62.96,11.45,13.23,1.86,1.55,3.62,1.88,Ganges-Brahmaputra,,,,
BR 1016,Brahmaputra,Jamuna bg.,Bank,,Lupker et al 2012,,56.61,16.88,7.9,3.58,1.75,2.45,3.22,Ganges-Brahmaputra,,,,
BR 1017,Brahmaputra,Jamuna bg.,Bedload,8,Lupker et al 2012,,57.18,10.9,17.23,2.22,1.24,5.62,1.05,Ganges-Brahmaputra,,,,
BR 1024,Ganga,Harding bridge,Suspended,9,Lupker et al 2012,Ganges 8,55.9,18.46,6.92,2.27,0.99,2.18,3.62,Ganges-Brahmaputra,,,,
BR 1025,Ganga,Harding bridge,Suspended,5,Lupker et al 2012,Ganges 8,55.38,18.71,6.98,2.22,1,1.96,3.57,Ganges-Brahmaputra,,,,
BR 1026,Ganga,Harding bridge,Suspended,0.3,Lupker et al 2012,Ganges 8,53.72,20.19,7.49,2.21,0.9,1.45,3.67,Ganges-Brahmaputra,,,,
BR 1027,Ganga,Harding bridge,Bedload,,Lupker et al 2012,Ganges 8,64.04,13.41,4.96,2.12,1.2,3.66,2.8,Ganges-Brahmaputra,,,,
BR 1028,Ganga,Harding bridge,Suspended,11,Lupker et al 2012,Ganges 8,55.23,17.74,6.62,2.25,0.98,2.25,3.48,Ganges-Brahmaputra,,,,
BR 1030,Ganga,Harding bridge,Suspended,0,Lupker et al 2012,Ganges 8,53.77,20.29,7.49,2.24,0.92,1.45,3.72,Ganges-Brahmaputra,,,,
BR 1031,Ganga,Harding bridge,Suspended,3,Lupker et al 2012,Ganges 8,54.34,19.43,7.2,2.3,0.96,1.79,3.69,Ganges-Brahmaputra,,,,
BR 1032,Ganga,Harding bridge,Suspended,6,Lupker et al 2012,Ganges 8,55.51,18.33,6.89,2.28,0.98,2.1,3.53,Ganges-Brahmaputra,,,,
BR 1038,Brahmaputra,Jamuna bg.,Bedload,,Lupker et al 2012,,64.48,14.28,6.63,2.76,1.67,2.45,2.79,Ganges-Brahmaputra,,,,
BR 1047,Brahmaputra,Jamuna bg.,Bedload,,Lupker et al 2012,,60.36,11.44,13.54,2.3,1.34,5.19,1.19,Ganges-Brahmaputra,,,,
BR 1051,Lower Meghna,Daulatkhan,Bedload,,Lupker et al 2012,L. Meghna 9,78.39,9.72,3.66,1.03,1.84,2.22,2.07,Ganges-Brahmaputra,,,,
BR 1052,Lower Meghna,Daulatkhan,Bedload,,Lupker et al 2012,L. Meghna 9,72.15,9.77,7.54,1.54,1.57,3.3,1.61,Ganges-Brahmaputra,,,,
BR 1053,Lower Meghna,Daulatkhan,Bedload,,Lupker et al 2012,L. Meghna 9,73.02,10.12,5.56,1.67,1.7,3.64,1.78,Ganges-Brahmaputra,,,,
BR 15,Dibang,,Bank,,Lupker et al 2012,,64.7,12.62,6.72,3.04,2.44,5.96,1.33,Ganges-Brahmaputra,,,,
BR 17,Lohit,,Bank,,Lupker et al 2012,,55.87,13.52,9.96,4.97,2.38,8.76,1.07,Ganges-Brahmaputra,,,,
BR 201,Brahmaputra,Jamuna bg.,Suspended,6,Lupker et al 2012,Brahmaputra 4,64.9,14.37,6.08,2.56,1.83,2.41,2.69,Ganges-Brahmaputra,,,,
BR 202,Brahmaputra,Jamuna bg.,Suspended,9.5,Lupker et al 2012,Brahmaputra 4,69.98,12.68,5.12,2.06,1.9,2.25,2.59,Ganges-Brahmaputra,,,,
BR 203,Brahmaputra,Jamuna bg.,Suspended,11.5,Lupker et al 2012,Brahmaputra 4,71.49,11.29,6.2,1.67,1.77,2.82,2.1,Ganges-Brahmaputra,,,,
BR 204,Brahmaputra,Jamuna bg.,Suspended,2,Lupker et al 2012,Brahmaputra 4,64.43,14.68,6.65,2.59,1.8,2.49,2.69,Ganges-Brahmaputra,,,,
BR 205,Brahmaputra,Jamuna bg.,Suspended,0.5,Lupker et al 2012,Brahmaputra 4,61.57,15.95,6.76,2.71,1.7,2.24,2.86,Ganges-Brahmaputra,,,,
BR 206,Brahmaputra,Jamuna bg.,Bedload,12,Lupker et al 2012,Brahmaputra 4,66.62,11.21,10.13,1.96,1.55,3.79,1.71,Ganges-Brahmaputra,,,,
BR 207,Brahmaputra,Jamuna bg.,Suspended,1,Lupker et al 2012,Brahmaputra 4,68.28,13.04,5.38,2.46,1.97,2.65,2.5,Ganges-Brahmaputra,,,,
BR 208,Ganga,Harding bridge,Suspended,10,Lupker et al 2012,Ganges 2,59.24,17.11,6.38,2.51,1.03,2.05,3.61,Ganges-Brahmaputra,,,,
BR 209,Ganga,Harding bridge,Suspended,5,Lupker et al 2012,Ganges 2,58.82,17.59,6.56,2.56,1,1.39,3.75,Ganges-Brahmaputra,,,,
BR 21,Subansiri,,Bank,,Lupker et al 2012,,80.69,8.38,4.32,0.83,0.93,1.1,1.89,Ganges-Brahmaputra,,,,
BR 210,Ganga,Harding bridge,Suspended,17,Lupker et al 2012,Ganges 2,63.39,15.15,5.63,2.22,1.13,1.92,3.32,Ganges-Brahmaputra,,,,
BR 211,Ganga,Harding bridge,Suspended,3.5,Lupker et al 2012,Ganges 2,58.99,17.26,6.39,2.45,0.99,1.52,3.64,Ganges-Brahmaputra,,,,
BR 212,Ganga,Harding bridge,Suspended,1,Lupker et al 2012,Ganges 2,56.86,18.46,6.85,2.52,0.91,1.39,3.86,Ganges-Brahmaputra,,,,
BR 214,Ganga,Harding bridge,Bedload,22,Lupker et al 2012,Ganges 2,75.07,9.15,3.36,1.39,1.26,3.36,2.01,Ganges-Brahmaputra,,,,
BR 216,Lower Meghna,Bhola,Suspended,10,Lupker et al 2012,L. Meghna 6,69.85,12.54,4.68,1.83,1.64,2.06,2.56,Ganges-Brahmaputra,,,,
BR 217,Lower Meghna,Bhola,Suspended,5,Lupker et al 2012,L. Meghna 6,62.4,15.93,6.18,2.35,1.43,1.75,3.03,Ganges-Brahmaputra,,,,
BR 218,Lower Meghna,Bhola,Suspended,1.5,Lupker et al 2012,L. Meghna 6,57.73,17.83,6.86,2.61,1.28,1.54,3.4,Ganges-Brahmaputra,,,,
BR 219,Lower Meghna,Bhola,Bedload,12,Lupker et al 2012,L. Meghna 6,65.19,11.25,9.11,2.13,1.4,5.51,1.35,Ganges-Brahmaputra,,,,
BR 220,Lower Meghna,Bhola,Suspended,3,Lupker et al 2012,L. Meghna 6,63.57,15.05,6.08,2.48,1.47,1.95,2.94,Ganges-Brahmaputra,,,,
BR 222,Lower Meghna,Bhola,Bank,,Lupker et al 2012,,66.57,13.96,5.44,2.11,1.5,1.85,2.68,Ganges-Brahmaputra,,,,
BR 33,Manas,,Bank,,Lupker et al 2012,,76,9.34,3.73,1.5,1.46,2.64,2.11,Ganges-Brahmaputra,,,,
BR 401,Brahmaputra,Sirajganj,Suspended,6.5,Lupker et al 2012,Brahmaputra 1,69.01,13.29,5.12,1.95,1.83,2.07,2.83,Ganges-Brahmaputra,,,,
BR 402,Brahmaputra,Sirajganj,Suspended,0,Lupker et al 2012,Brahmaputra 1,61.59,16.98,6.44,2.7,1.46,1.57,3.63,Ganges-Brahmaputra,,,,
BR 405,Brahmaputra,Sirajganj,Suspended,5,Lupker et al 2012,Brahmaputra 1,69.61,12.71,4.76,1.88,1.9,2.1,2.69,Ganges-Brahmaputra,,,,
BR 406,Brahmaputra,Sirajganj,Suspended,3,Lupker et al 2012,Brahmaputra 1,66.91,13.9,5.29,2.1,1.76,2,2.93,Ganges-Brahmaputra,,,,
BR 407,Brahmaputra,Sirajganj,Suspended,11,Lupker et al 2012,Brahmaputra 1,69.27,13.03,4.99,1.91,1.88,2.06,2.78,Ganges-Brahmaputra,,,,
BR 408,Brahmaputra,Sirajganj,Suspended,1.5,Lupker et al 2012,Brahmaputra 1,63.75,15.65,6,2.47,1.62,1.84,3.32,Ganges-Brahmaputra,,,,
BR 409,Brahmaputra,Sirajganj,Suspended,0,Lupker et al 2012,Brahmaputra 1,61.79,16.7,6.33,2.61,1.49,1.65,3.55,Ganges-Brahmaputra,,,,
BR 411,Ganga,Harding bridge,Suspended,9,Lupker et al 2012,Ganges 3,68.36,12.27,4.2,1.71,1.37,2.77,2.82,Ganges-Brahmaputra,,,,
BR 412,Ganga,Harding bridge,Suspended,6.5,Lupker et al 2012,Ganges 3,63.44,15.06,5.55,2.07,1.22,2.67,3.2,Ganges-Brahmaputra,,,,
BR 413,Ganga,Harding bridge,Suspended,4,Lupker et al 2012,Ganges 3,63.07,15.64,5.75,2.2,1.19,2.73,3.28,Ganges-Brahmaputra,,,,
BR 414,Ganga,Harding bridge,Suspended,2,Lupker et al 2012,Ganges 3,60.42,17.04,6.31,2.34,1.13,2.36,3.52,Ganges-Brahmaputra,,,,
BR 415,Ganga,Harding bridge,Suspended,0,Lupker et al 2012,Ganges 3,57.76,18.57,6.61,2.39,1.03,1.79,3.77,Ganges-Brahmaputra,,,,
BR 417,Ganga,Harding bridge,Suspended,0,Lupker et al 2012,Ganges 3,58,18.83,6.66,2.45,1.04,1.99,3.9,Ganges-Brahmaputra,,,,
BR 418,Ganga,Harding bridge,Bedload,10,Lupker et al 2012,Ganges 3,75.4,8.58,5.19,1.47,1.18,4.15,1.26,Ganges-Brahmaputra,,,,
BR 419,Ganga,Harding bridge,Bank,,Lupker et al 2012,,68.61,10.84,3.82,1.84,1.46,4.53,2.46,Ganges-Brahmaputra,,,,
BR 420,Ganga,Harding bridge,Bank,,Lupker et al 2012,,62.59,13.99,5.33,2.44,1.27,4.5,3.16,Ganges-Brahmaputra,,,,
BR 421,Ganga,Harding bridge,Bank,,Lupker et al 2012,,66.12,12.11,4.49,2.06,1.38,4.33,2.74,Ganges-Brahmaputra,,,,
BR 422,Ganga,Harding bridge,Bank,,Lupker et al 2012,,66.63,12.1,4.56,2.09,1.38,4.24,2.79,Ganges-Brahmaputra,,,,
BR 439,Lower Meghna,Bhola,Suspended,8,Lupker et al 2012,L. Meghna 7,68.11,13.36,5.56,2.26,1.7,2.77,2.74,Ganges-Brahmaputra,,,,
BR 440,Lower Meghna,Bhola,Suspended,6,Lupker et al 2012,L. Meghna 7,64.94,14.5,5.58,2.42,1.67,2.47,2.9,Ganges-Brahmaputra,,,,
BR 441,Lower Meghna,Bhola,Suspended,0,Lupker et al 2012,L. Meghna 7,56.57,18.71,7.35,2.81,1.3,1.49,3.55,Ganges-Brahmaputra,,,,
BR 442,Lower Meghna,Bhola,Suspended,4,Lupker et al 2012,L. Meghna 7,60.84,16.93,6.46,2.67,1.53,1.85,3.26,Ganges-Brahmaputra,,,,
BR 444,Lower Meghna,Bhola,Suspended,2,Lupker et al 2012,L. Meghna 7,60.14,17.38,6.59,2.64,1.49,1.77,3.3,Ganges-Brahmaputra,,,,
BR 445,Lower Meghna,Bhola,Suspended,10,Lupker et al 2012,L. Meghna 7,64.23,13.96,5.7,2.46,1.66,2.59,2.88,Ganges-Brahmaputra,,,,
BR 446,Lower Meghna,Bhola,Bedload,11,Lupker et al 2012,L. Meghna 7,76.02,10.13,4.58,1.34,1.8,2.8,1.91,Ganges-Brahmaputra,,,,
BR 448,Lower Meghna,Bhola,Suspended,0,Lupker et al 2012,L. Meghna 7,60.28,17.34,6.67,2.77,1.49,1.85,3.39,Ganges-Brahmaputra,,,,
BR 450,Brahmaputra,Sirajganj,Bedload,,Lupker et al 2012,Brahmaputra 2,59.84,15.88,7.37,3.7,1.77,2.69,2.92,Ganges-Brahmaputra,,,,
BR 451,Brahmaputra,Sirajganj,Bedload,,Lupker et al 2012,Brahmaputra 2,39.16,13.22,28.7,2.48,0.59,6.89,0.49,Ganges-Brahmaputra,,,,
BR 453,Brahmaputra,Sirajganj,Bedload,,Lupker et al 2012,Brahmaputra 2,70.58,12.88,5.16,2.1,1.91,2.29,2.62,Ganges-Brahmaputra,,,,
BR 454,Brahmaputra,Sirajganj,Suspended,9,Lupker et al 2012,Brahmaputra 2,69.36,13.14,4.87,2.16,1.93,2.08,2.74,Ganges-Brahmaputra,,,,
BR 455,Brahmaputra,Sirajganj,Suspended,6,Lupker et al 2012,Brahmaputra 2,62.26,15.4,6.41,3.27,1.83,2.24,2.96,Ganges-Brahmaputra,,,,
BR 456,Brahmaputra,Sirajganj,Suspended,3,Lupker et al 2012,Brahmaputra 2,62.91,15.07,6.26,3.17,1.88,2.33,2.88,Ganges-Brahmaputra,,,,
BR 457,Brahmaputra,Sirajganj,Suspended,0,Lupker et al 2012,Brahmaputra 2,57.18,17.3,7.45,4.14,1.84,2.31,3.1,Ganges-Brahmaputra,,,,
BR 459,Brahmaputra,Sirajganj,Suspended,,Lupker et al 2012,Brahmaputra 2,56.03,17.82,7.64,4.39,1.85,2.22,3.21,Ganges-Brahmaputra,,,,
BR 460,Brahmaputra,Sirajganj,Bedload,10,Lupker et al 2012,Brahmaputra 2,72.61,10.44,6.14,1.62,1.78,3.56,1.66,Ganges-Brahmaputra,,,,
BR 500,Brahmaputra,Sirajganj,Suspended,0,Lupker et al 2012,Brahmaputra 3,61.98,16.39,6.66,3.05,1.62,2.16,3.22,Ganges-Brahmaputra,,,,
BR 501,Brahmaputra,Sirajganj,Suspended,6.5,Lupker et al 2012,Brahmaputra 3,63.44,15.45,6.45,2.95,1.66,2.21,3.17,Ganges-Brahmaputra,,,,
BR 502,Brahmaputra,Sirajganj,Suspended,2.5,Lupker et al 2012,Brahmaputra 3,60.59,17.03,6.6,3.05,1.5,1.87,3.52,Ganges-Brahmaputra,,,,
BR 503,Brahmaputra,Sirajganj,Bedload,7.5,Lupker et al 2012,Brahmaputra 3,74.47,11.61,4.15,1.63,2.02,2.22,2.5,Ganges-Brahmaputra,,,,
BR 504,Brahmaputra,Sirajganj,Suspended,9.8,Lupker et al 2012,Brahmaputra 3,66.77,14.22,5.76,2.56,1.72,2.19,2.99,Ganges-Brahmaputra,,,,
BR 505,Brahmaputra,Sirajganj,Suspended,7,Lupker et al 2012,Brahmaputra 3,65.02,15.05,6.08,2.72,1.66,2.15,3.13,Ganges-Brahmaputra,,,,
BR 506,Brahmaputra,Sirajganj,Suspended,5,Lupker et al 2012,Brahmaputra 3,63.77,15.49,6.26,2.9,1.6,2.14,3.21,Ganges-Brahmaputra,,,,
BR 507,Brahmaputra,Sirajganj,Suspended,2.8,Lupker et al 2012,Brahmaputra 3,61.63,16.53,6.48,2.98,1.53,1.9,3.43,Ganges-Brahmaputra,,,,
BR 508,Brahmaputra,Sirajganj,Suspended,0,Lupker et al 2012,Brahmaputra 3,58.92,17.76,6.95,3.18,1.4,1.71,3.67,Ganges-Brahmaputra,,,,
BR 509,Brahmaputra,Sirajganj,Bedload,10,Lupker et al 2012,Brahmaputra 3,79.03,9.84,2.92,0.93,1.89,1.84,2.15,Ganges-Brahmaputra,,,,
BR 511,Ganga,Harding bridge,Suspended,10,Lupker et al 2012,Ganges 3,64.3,12.87,5.12,2.12,1.21,4.05,2.63,Ganges-Brahmaputra,,,,
BR 512,Ganga,Harding bridge,Suspended,7,Lupker et al 2012,Ganges 3,61.69,13.93,5.69,2.31,1.14,4.07,2.77,Ganges-Brahmaputra,,,,
BR 513,Ganga,Harding bridge,Suspended,5,Lupker et al 2012,Ganges 3,60.51,14.41,5.94,2.39,1.1,4.1,2.84,Ganges-Brahmaputra,,,,
BR 514,Ganga,Harding bridge,Suspended,2.5,Lupker et al 2012,Ganges 3,58,15.67,6.57,2.56,1.01,4.03,3,Ganges-Brahmaputra,,,,
BR 515,Ganga,Harding bridge,Suspended,0,Lupker et al 2012,Ganges 3,54.37,16.96,7.34,2.73,0.85,3.76,3.12,Ganges-Brahmaputra,,,,
BR 516,Ganga,Harding bridge,Bedload,11,Lupker et al 2012,Ganges 3,79.12,8.68,1.99,0.89,1.6,2.27,2.27,Ganges-Brahmaputra,,,,
BR 517,Ganga,Harding bridge,Suspended,9.8,Lupker et al 2012,Ganges 3,60.76,14.48,5.92,2.37,1.12,4.15,2.84,Ganges-Brahmaputra,,,,
BR 518,Ganga,Harding bridge,Suspended,5,Lupker et al 2012,Ganges 3,58.39,15.35,6.39,2.51,1.04,4.09,2.95,Ganges-Brahmaputra,,,,
BR 519,Ganga,Harding bridge,Suspended,0,Lupker et al 2012,Ganges 3,52.42,18.31,8.06,2.82,0.73,3.21,3.21,Ganges-Brahmaputra,,,,
BR 520,Ganga,Harding bridge,Bedload,10,Lupker et al 2012,Ganges 3,70.12,10.16,3.77,1.68,1.42,4.46,2.18,Ganges-Brahmaputra,,,,
BR 522,Ganga,Harding bridge,Suspended,0,Lupker et al 2012,,52.78,17.83,7.77,2.83,0.76,3.76,3.21,Ganges-Brahmaputra,,,,
BR 524,Lower Meghna,Mawa,Suspended,7.5,Lupker et al 2012,L. Meghna 1,66.07,13.68,5.42,2.31,1.7,2.36,2.76,Ganges-Brahmaputra,,,,
BR 525,Lower Meghna,Mawa,Suspended,9.5,Lupker et al 2012,L. Meghna 1,67.12,13.43,5.23,2.2,1.61,2.55,2.78,Ganges-Brahmaputra,,,,
BR 526,Lower Meghna,Mawa,Suspended,5,Lupker et al 2012,L. Meghna 1,63.13,15.46,6.13,2.65,1.54,2.46,3.09,Ganges-Brahmaputra,,,,
BR 527,Lower Meghna,Mawa,Suspended,2.3,Lupker et al 2012,L. Meghna 1,60.42,16.02,6.43,2.74,1.35,2.76,3.18,Ganges-Brahmaputra,,,,
BR 528,Lower Meghna,Mawa,Suspended,0,Lupker et al 2012,L. Meghna 1,57.49,17.06,6.92,2.84,1.16,2.78,3.35,Ganges-Brahmaputra,,,,
BR 529,Lower Meghna,Mawa,Bedload,11,Lupker et al 2012,L. Meghna 1,76.88,10.01,3.08,1.2,1.83,2.21,2.15,Ganges-Brahmaputra,,,,
BR 59SL,Siang,,Suspended,0,Lupker et al 2012,,64.02,14.32,5.81,2.67,1.86,3.44,3.35,Ganges-Brahmaputra,,,,
BR 60,Siang,,Bank,,Lupker et al 2012,,68.11,10.59,5.57,2.59,1.88,5.48,2.18,Ganges-Brahmaputra,,,,
BR 61SL,Subansiri,,Suspended,0,Lupker et al 2012,,64.63,15.14,5.98,1.46,1.39,1.36,2.16,Ganges-Brahmaputra,,,,
BR 62,Subansiri,,Bank,,Lupker et al 2012,,78.29,9.24,3.78,1.04,1.23,1.46,2.04,Ganges-Brahmaputra,,,,
BR 701,Brahmaputra,Jamuna bg.,Suspended,23,Lupker et al 2012,Brahmaputra 5,64.04,15.03,6.45,2.67,1.74,2.42,2.74,Ganges-Brahmaputra,,,,
BR 702,Brahmaputra,Jamuna bg.,Suspended,17,Lupker et al 2012,Brahmaputra 5,62.16,16.02,6.67,2.75,1.72,2.32,2.85,Ganges-Brahmaputra,,,,
BR 703,Brahmaputra,Jamuna bg.,Suspended,11,Lupker et al 2012,Brahmaputra 5,61.78,15.51,6.57,2.75,1.75,2.42,2.79,Ganges-Brahmaputra,,,,
BR 704,Brahmaputra,Jamuna bg.,Suspended,5.5,Lupker et al 2012,Brahmaputra 5,63.44,14.88,6.32,2.75,1.86,2.53,2.7,Ganges-Brahmaputra,,,,
BR 705,Brahmaputra,Jamuna bg.,Suspended,1,Lupker et al 2012,Brahmaputra 5,61.64,16.26,6.87,2.76,1.66,2.23,2.87,Ganges-Brahmaputra,,,,
BR 706,Brahmaputra,Jamuna bg.,Bank,,Lupker et al 2012,,73.25,11.53,4.76,1.84,1.94,2.84,2.18,Ganges-Brahmaputra,,,,
BR 707 A,Brahmaputra,Jamuna bg.,Suspended,23,Lupker et al 2012,Brahmaputra 5,68.5,12.87,5.26,2.17,1.88,2.46,2.48,Ganges-Brahmaputra,,,,
BR 707 B,Brahmaputra,Jamuna bg.,Suspended,23.5,Lupker et al 2012,Brahmaputra 5,66.26,13.65,5.74,2.34,1.82,2.44,2.58,Ganges-Brahmaputra,,,,
BR 707 C,Brahmaputra,Jamuna bg.,Suspended,24,Lupker et al 2012,Brahmaputra 5,67.44,14.31,5.92,2.47,1.96,2.55,2.71,Ganges-Brahmaputra,,,,
BR 708 A,Brahmaputra,Jamuna bg.,Suspended,4,Lupker et al 2012,Brahmaputra 5,64.78,14.05,5.96,2.44,1.8,2.51,2.57,Ganges-Brahmaputra,,,,
BR 708 B,Brahmaputra,Jamuna bg.,Suspended,4.5,Lupker et al 2012,Brahmaputra 5,67.36,13.2,5.51,2.21,1.83,2.45,2.49,Ganges-Brahmaputra,,,,
BR 708 C,Brahmaputra,Jamuna bg.,Suspended,5,Lupker et al 2012,Brahmaputra 5,69.06,12.13,5.44,2.01,1.83,2.62,2.32,Ganges-Brahmaputra,,,,
BR 709,Brahmaputra,Jamuna bg.,Suspended,0,Lupker et al 2012,Brahmaputra 5,46.97,22.54,8.69,2.71,1.02,1.21,3.86,Ganges-Brahmaputra,,,,
BR 713,Ganga,Harding bridge,Suspended,10,Lupker et al 2012,Ganges 4,69.61,10.61,3.78,1.71,1.24,3.67,2.4,Ganges-Brahmaputra,,,,
BR 714,Ganga,Harding bridge,Suspended,8,Lupker et al 2012,Ganges 4,67.84,11.21,4.15,1.84,1.2,3.76,2.47,Ganges-Brahmaputra,,,,
BR 715,Ganga,Harding bridge,Suspended,3,Lupker et al 2012,Ganges 4,63.1,13.08,5.09,2.19,1.11,3.83,2.8,Ganges-Brahmaputra,,,,
BR 716,Ganga,Harding bridge,Suspended,0,Lupker et al 2012,Ganges 4,55.82,15.9,6.42,2.66,0.93,3.71,3.27,Ganges-Brahmaputra,,,,
BR 717,Ganga,Harding bridge,Bedload,11,Lupker et al 2012,Ganges 4,75.03,8.31,4.53,1.17,1.29,3.29,1.72,Ganges-Brahmaputra,,,,
BR 718 A,Ganga,Harding bridge,Suspended,9.8,Lupker et al 2012,Ganges 4,68.03,11.31,4.25,1.86,1.21,3.83,2.46,Ganges-Brahmaputra,,,,
BR 718 B,Ganga,Harding bridge,Suspended,10.3,Lupker et al 2012,Ganges 4,70.03,10.77,3.84,1.71,1.29,3.72,2.36,Ganges-Brahmaputra,,,,
BR 718 C,Ganga,Harding bridge,Suspended,10.8,Lupker et al 2012,Ganges 4,71.37,9.39,4.87,1.46,1.26,3.66,1.96,Ganges-Brahmaputra,,,,
BR 71SL,Manas,,Suspended,0,Lupker et al 2012,,66.56,14.08,5.27,1.76,0.71,1.01,3.12,Ganges-Brahmaputra,,,,
BR 72,Manas,,Bank,,Lupker et al 2012,,79.99,8.62,3.3,0.96,0.63,0.61,2.12,Ganges-Brahmaputra,,,,
BR 721,Lower Meghna,Mawa,Suspended,10,Lupker et al 2012,L. Meghna 2,65.48,13.24,5.12,2.19,1.41,3.19,2.78,Ganges-Brahmaputra,,,,
BR 722,Lower Meghna,Mawa,Suspended,4,Lupker et al 2012,L. Meghna 2,62.21,14.53,5.73,2.47,1.33,3.18,2.95,Ganges-Brahmaputra,,,,
BR 723,Lower Meghna,Mawa,Suspended,0,Lupker et al 2012,L. Meghna 2,55.41,17.18,6.98,2.8,0.92,3.32,3.38,Ganges-Brahmaputra,,,,
BR 724,Lower Meghna,Mawa,Bedload,11,Lupker et al 2012,L. Meghna 2,72.67,9.31,6.44,1.71,1.49,3.59,1.34,Ganges-Brahmaputra,,,,
BR 725 A,Lower Meghna,Mawa,Suspended,9.8,Lupker et al 2012,L. Meghna 2,66.02,13.05,5.01,2.14,1.44,2.92,2.76,Ganges-Brahmaputra,,,,
BR 725 C,Lower Meghna,Mawa,Suspended,10.8,Lupker et al 2012,L. Meghna 2,73.94,10.44,4.42,1.59,1.63,2.79,2.04,Ganges-Brahmaputra,,,,
BR 800,Brahmaputra,Sirajganj,Bank,,Lupker et al 2012,,66.12,13.79,5.78,2.68,1.86,2.63,2.62,Ganges-Brahmaputra,,,,
BR 801,Brahmaputra,Sirajganj,Bank,,Lupker et al 2012,,64.46,14.58,6.13,2.83,1.77,2.39,2.84,Ganges-Brahmaputra,,,,
BR 802,Brahmaputra,Sirajganj,Bank,,Lupker et al 2012,,76.19,10.41,3.18,1.24,1.94,2.35,2.11,Ganges-Brahmaputra,,,,
BR 817,Lower Meghna,Mawa,Bank,,Lupker et al 2012,,59.96,14.27,6.19,2.57,1.2,4.4,3,Ganges-Brahmaputra,,,,
BR 819,Lower Meghna,Mawa,Bank,,Lupker et al 2012,,72.07,10.29,3.55,1.74,1.69,4.22,2.18,Ganges-Brahmaputra,,,,
BR 820,Lower Meghna,Mawa,Bank,,Lupker et al 2012,,66.69,10.43,8.32,2.05,1.34,5.49,1.41,Ganges-Brahmaputra,,,,
BR 919,Ganga,Rishikesh,Suspended,7,Lupker et al 2012,Ganges 1,61.89,11.28,3.85,3.92,1.46,5.15,2.96,Ganges-Brahmaputra,,,,
BR 920,Ganga,Rishikesh,Suspended,6,Lupker et al 2012,Ganges 1,59.62,11.81,4.12,4.52,1.43,5.76,3.13,Ganges-Brahmaputra,,,,
BR 921,Ganga,Rishikesh,Suspended,3,Lupker et al 2012,Ganges 1,59.94,12.1,4.26,4.66,1.47,5.77,3.16,Ganges-Brahmaputra,,,,
BR 922,Ganga,Rishikesh,Suspended,0.2,Lupker et al 2012,Ganges 1,57.94,12.26,4.4,4.98,1.46,6.11,3.2,Ganges-Brahmaputra,,,,
BR 924,Ganga,Rishikesh,Bank,,Lupker et al 2012,,70.03,9.95,3.15,2.64,1.6,3.94,2.57,Ganges-Brahmaputra,,,,
BR 935,Chambal,Dhaulpur,Suspended,0,Lupker et al 2012,,44.91,15.78,9,3.38,0.5,5.98,2.03,Ganges-Brahmaputra,,,,
BR 937,Chambal,Dhaulpur,Bank,,Lupker et al 2012,,78.87,6.21,2.56,0.79,1.07,4.49,1.29,Ganges-Brahmaputra,,,,
BR 938,Chambal,Dhaulpur,Bank,,Lupker et al 2012,,59.95,11.79,6.24,2.19,0.7,6.42,1.74,Ganges-Brahmaputra,,,,
BR 940,Chambal,Dhaulpur,Bank,,Lupker et al 2012,,73.86,7.27,2.35,0.74,1.13,6.62,1.71,Ganges-Brahmaputra,,,,
BR8201,Lower Meghna,Mawa,Suspended,5,Lupker et al 2012,L. Meghna 3,65.26,12.73,4.82,2.16,1.35,3.86,2.67,Ganges-Brahmaputra,,,,
BR8202,Lower Meghna,Mawa,Suspended,1,Lupker et al 2012,L. Meghna 3,59.33,14.71,5.71,2.53,1.11,3.93,3.1,Ganges-Brahmaputra,,,,
BR8203,Brahmaputra,Jamuna bg.,Suspended,5,Lupker et al 2012,Brahmaputra 6,67.43,13.94,4.85,2.14,1.61,1.9,3.04,Ganges-Brahmaputra,,,,
BR8204,Brahmaputra,Jamuna bg.,Suspended,1,Lupker et al 2012,Brahmaputra 6,63.46,15.18,5.5,2.55,1.44,1.8,3.36,Ganges-Brahmaputra,,,,
BR8206,Brahmaputra,Jamuna bg.,Bedload,10,Lupker et al 2012,Brahmaputra 6,72.87,10.51,5.59,1.75,1.78,3.78,1.72,Ganges-Brahmaputra,,,,
BR8207,Brahmaputra,Jamuna bg.,Suspended,10,Lupker et al 2012,Brahmaputra 6,71.89,12.27,4.27,1.83,1.91,2.19,2.57,Ganges-Brahmaputra,,,,
BR8208,Brahmaputra,Jamuna bg.,Suspended,5,Lupker et al 2012,Brahmaputra 6,65.89,13.97,5.41,2.37,1.81,2.42,2.77,Ganges-Brahmaputra,,,,
BR8210,Brahmaputra,Jamuna bg.,Suspended,0,Lupker et al 2012,Brahmaputra 6,60.21,16.43,6.67,2.7,1.63,2.03,3.02,Ganges-Brahmaputra,,,,
BR8211,Brahmaputra,Jamuna bg.,Suspended,2.5,Lupker et al 2012,Brahmaputra 6,63.94,14.64,6.04,2.61,1.79,2.44,2.79,Ganges-Brahmaputra,,,,
BR8212a,Brahmaputra,Jamuna bg.,Suspended,9,Lupker et al 2012,Brahmaputra 6,68.63,12.92,5.26,2.17,1.92,2.63,2.49,Ganges-Brahmaputra,,,,
BR8212b,Brahmaputra,Jamuna bg.,Suspended,9.5,Lupker et al 2012,Brahmaputra 6,69.76,12.71,5.11,2.11,1.96,2.59,2.48,Ganges-Brahmaputra,,,,
BR8212c,Brahmaputra,Jamuna bg.,Suspended,10,Lupker et al 2012,Brahmaputra 6,70.03,12.54,5.03,2.07,1.95,2.52,2.48,Ganges-Brahmaputra,,,,
BR8213,Brahmaputra,Jamuna bg.,Bedload,10,Lupker et al 2012,Brahmaputra 6,66.53,10.13,11.62,1.56,1.55,3.33,1.52,Ganges-Brahmaputra,,,,
BR8215,Ganga,Harding bridge,Suspended,12,Lupker et al 2012,Ganges 5,70.77,10.41,3.8,1.66,1.27,3.6,2.34,Ganges-Brahmaputra,,,,
BR8216,Ganga,Harding bridge,Suspended,7,Lupker et al 2012,Ganges 5,63.66,13.14,5.13,2.23,1.17,4.08,2.82,Ganges-Brahmaputra,,,,
BR8217,Ganga,Harding bridge,Suspended,4,Lupker et al 2012,Ganges 5,63.57,13.09,5.12,2.19,1.15,3.98,2.8,Ganges-Brahmaputra,,,,
BR8218,Ganga,Harding bridge,Suspended,2,Lupker et al 2012,Ganges 5,62.24,13.9,5.5,2.36,1.13,4.13,2.95,Ganges-Brahmaputra,,,,
BR8219a,Ganga,Harding bridge,Suspended,10.5,Lupker et al 2012,Ganges 5,66.02,12.11,4.69,1.99,1.18,3.82,2.6,Ganges-Brahmaputra,,,,
BR8219b,Ganga,Harding bridge,Suspended,11,Lupker et al 2012,Ganges 5,65.77,12.17,4.78,2.05,1.19,3.93,2.63,Ganges-Brahmaputra,,,,
BR8219c,Ganga,Harding bridge,Suspended,11.5,Lupker et al 2012,Ganges 5,67.27,11.61,4.38,1.91,1.24,3.87,2.53,Ganges-Brahmaputra,,,,
BR8221,Ganga,Harding bridge,Bedload,12,Lupker et al 2012,Ganges 5,78.62,8.69,3.08,0.95,1.51,2.27,2.09,Ganges-Brahmaputra,,,,
BR8222,Ganga,Harding bridge,Suspended,0,Lupker et al 2012,Ganges 5,57.02,15.67,6.33,2.7,0.96,4.1,3.24,Ganges-Brahmaputra,,,,
BR8226,Lower Meghna,Daulatkhan,Suspended,16,Lupker et al 2012,L. Meghna 8,68.86,12.45,4.96,2,1.61,2.58,2.53,Ganges-Brahmaputra,,,,
BR8227,Lower Meghna,Daulatkhan,Suspended,10,Lupker et al 2012,L. Meghna 8,60.61,15.36,6.26,2.59,1.38,2.41,3.03,Ganges-Brahmaputra,,,,
BR8228,Lower Meghna,Daulatkhan,Suspended,5,Lupker et al 2012,L. Meghna 8,60.18,16.09,6.36,2.6,1.32,2.08,3.17,Ganges-Brahmaputra,,,,
BR8229,Lower Meghna,Daulatkhan,Suspended,0,Lupker et al 2012,L. Meghna 8,57.87,17.86,6.99,2.74,1.19,1.69,3.42,Ganges-Brahmaputra,,,,
BR8230,Lower Meghna,Daulatkhan,Bedload,17,Lupker et al 2012,L. Meghna 8,71.68,10.4,5.63,1.71,1.73,3.68,1.74,Ganges-Brahmaputra,,,,
BR8232,Lower Meghna,Chorfasson,Suspended,14,Lupker et al 2012,L. Meghna 10,62,15.45,6.51,2.61,1.43,2.12,3.04,Ganges-Brahmaputra,,,,
BR8233,Lower Meghna,Chorfasson,Suspended,7,Lupker et al 2012,L. Meghna 10,48.7,21.32,9.24,2.92,0.68,1.32,3.39,Ganges-Brahmaputra,,,,
BR8234,Lower Meghna,Chorfasson,Suspended,0,Lupker et al 2012,L. Meghna 10,56.2,18.82,7.48,2.79,1.09,1.49,3.5,Ganges-Brahmaputra,,,,
BR8235,Lower Meghna,Chorfasson,Bedload,,Lupker et al 2012,L. Meghna 10,58.06,18.03,7.58,3.04,1.48,1.09,3.36,Ganges-Brahmaputra,,,,
BR8240,Teesta,Kaunia,Suspended,5,Lupker et al 2012,Teesta 1,73.29,12.48,4.56,1.53,1.69,1.23,2.71,Ganges-Brahmaputra,,,,
BR8241,Teesta,Kaunia,Suspended,3,Lupker et al 2012,Teesta 1,73.51,12.93,4.4,1.66,1.72,1.15,2.99,Ganges-Brahmaputra,,,,
BR8242,Teesta,Kaunia,Suspended,0,Lupker et al 2012,Teesta 1,60.03,18.44,6.48,2.65,1.5,1.02,4.33,Ganges-Brahmaputra,,,,
BR8244,Teesta,Kaunia,Bedload,6,Lupker et al 2012,,76.96,10.78,3.53,1.14,1.76,1.11,2.46,Ganges-Brahmaputra,,,,
BR8250,Ganga,Harding bridge,Suspended,10,Lupker et al 2012,,62.55,13.62,5.34,2.38,1.14,4.15,2.96,Ganges-Brahmaputra,,,,
BR8251,Ganga,Harding bridge,Suspended,5,Lupker et al 2012,Ganges 6,62.12,13.61,5.34,2.39,1.14,4.1,2.98,Ganges-Brahmaputra,,,,
BR8252,Ganga,Harding bridge,Bedload,15,Lupker et al 2012,Ganges 6,80.96,7.68,2.57,0.9,1.41,2.5,1.74,Ganges-Brahmaputra,,,,
BR8253,Ganga,Harding bridge,Suspended,0,Lupker et al 2012,Ganges 6,56.94,15.64,6.31,2.74,0.97,4.25,3.28,Ganges-Brahmaputra,,,,
BR8255a,Ganga,Harding bridge,Suspended,5,Lupker et al 2012,Ganges 6,61.79,13.51,5.28,2.36,1.12,4.25,2.92,Ganges-Brahmaputra,,,,
BR8255b,Ganga,Harding bridge,Suspended,5.5,Lupker et al 2012,Ganges 6,62.47,13.29,5.19,2.31,1.14,4.26,2.87,Ganges-Brahmaputra,,,,
BR8255c,Ganga,Harding bridge,Suspended,6,Lupker et al 2012,Ganges 6,65.17,12.8,4.82,2.19,1.2,4.04,2.9,Ganges-Brahmaputra,,,,
BR8256a,Ganga,Harding bridge,Suspended,5.4,Lupker et al 2012,Ganges 6,66.05,12.2,4.52,2.04,1.2,3.93,2.73,Ganges-Brahmaputra,,,,
BR8256b,Ganga,Harding bridge,Suspended,5.9,Lupker et al 2012,Ganges 6,64.1,12.97,4.86,2.18,1.15,4.02,2.88,Ganges-Brahmaputra,,,,
BR8256c,Ganga,Harding bridge,Suspended,6.4,Lupker et al 2012,Ganges 6,67.76,11.9,4.25,1.96,1.23,3.85,2.71,Ganges-Brahmaputra,,,,
BR8259,Brahmaputra,Jamuna bg.,Suspended,12,Lupker et al 2012,Brahmaputra 7,69.8,12.92,5.11,2.07,1.88,2.29,2.58,Ganges-Brahmaputra,,,,
BR8260,Brahmaputra,Jamuna bg.,Suspended,6,Lupker et al 2012,Brahmaputra 7,66.53,14.11,6,2.55,1.87,2.41,2.72,Ganges-Brahmaputra,,,,
BR8261,Brahmaputra,Jamuna bg.,Suspended,0,Lupker et al 2012,Brahmaputra 7,62.66,15.36,6.53,2.82,1.76,2.34,2.87,Ganges-Brahmaputra,,,,
BR8262,Brahmaputra,Jamuna bg.,Bedload,12.8,Lupker et al 2012,Brahmaputra 7,79.41,9.59,3.12,0.99,1.83,1.85,2.17,Ganges-Brahmaputra,,,,
BR8264a,Brahmaputra,Jamuna bg.,Suspended,7.6,Lupker et al 2012,Brahmaputra 7,64.51,14.09,6.03,2.65,1.88,2.58,2.62,Ganges-Brahmaputra,,,,
BR8264b,Brahmaputra,Jamuna bg.,Suspended,8.1,Lupker et al 2012,Brahmaputra 7,64.11,13.83,6.05,2.66,1.88,2.54,2.62,Ganges-Brahmaputra,,,,
BR8264c,Brahmaputra,Jamuna bg.,Suspended,8.6,Lupker et al 2012,Brahmaputra 7,65.28,13.61,5.92,2.6,1.9,2.51,2.63,Ganges-Brahmaputra,,,,
BR8265a,Brahmaputra,Jamuna bg.,Suspended,11.9,Lupker et al 2012,Brahmaputra 7,64.19,14.01,5.96,2.61,1.83,2.33,2.74,Ganges-Brahmaputra,,,,
BR8265b,Brahmaputra,Jamuna bg.,Suspended,12.4,Lupker et al 2012,Brahmaputra 7,66.61,13.58,5.68,2.44,1.89,2.4,2.68,Ganges-Brahmaputra,,,,
BR8265c,Brahmaputra,Jamuna bg.,Suspended,12.9,Lupker et al 2012,Brahmaputra 7,68.14,13.04,5.32,2.26,1.91,2.35,2.65,Ganges-Brahmaputra,,,,
BR8266a,Brahmaputra,Jamuna bg.,Suspended,9.8,Lupker et al 2012,Brahmaputra 7,64.65,14.34,5.95,2.54,1.78,2.39,2.82,Ganges-Brahmaputra,,,,
BR8266b,Brahmaputra,Jamuna bg.,Suspended,10.3,Lupker et al 2012,Brahmaputra 7,64.89,13.75,5.68,2.46,1.77,2.3,2.77,Ganges-Brahmaputra,,,,
BR8266c,Brahmaputra,Jamuna bg.,Suspended,10.8,Lupker et al 2012,Brahmaputra 7,65.2,13.71,5.7,2.41,1.8,2.32,2.77,Ganges-Brahmaputra,,,,
BR8267a,Brahmaputra,Jamuna bg.,Suspended,14.7,Lupker et al 2012,Brahmaputra 7,68.89,12.84,5.14,2.13,1.91,2.47,2.59,Ganges-Brahmaputra,,,,
BR8267b,Brahmaputra,Jamuna bg.,Suspended,15.2,Lupker et al 2012,Brahmaputra 7,70.14,12.63,5.02,2.01,1.91,2.37,2.56,Ganges-Brahmaputra,,,,
BR8267c,Brahmaputra,Jamuna bg.,Suspended,15.7,Lupker et al 2012,Brahmaputra 7,70.43,12.6,4.87,1.95,1.91,2.28,2.6,Ganges-Brahmaputra,,,,
BR8269,Lower Meghna,Chor Mankia,Suspended,5,Lupker et al 2012,L. Meghna 11,61.56,15.21,6.17,2.51,1.39,2.24,2.97,Ganges-Brahmaputra,,,,
BR8270,Lower Meghna,Chor Mankia,Suspended,0,Lupker et al 2012,L. Meghna 11,57.35,17.45,6.89,2.73,1.19,1.68,3.3,Ganges-Brahmaputra,,,,
BR8279,Ganga,Harding bridge,Suspended,12,Lupker et al 2012,Ganges 7,60.63,14.29,5.49,2.39,1.07,4.15,3.08,Ganges-Brahmaputra,,,,
BR8280,Ganga,Harding bridge,Suspended,6,Lupker et al 2012,Ganges 7,58.91,14.8,5.8,2.5,1.04,4.24,3.16,Ganges-Brahmaputra,,,,
BR8281,Ganga,Harding bridge,Suspended,0,Lupker et al 2012,Ganges 7,53.57,16.58,6.66,2.79,0.88,4.03,3.46,Ganges-Brahmaputra,,,,
BR8283,Ganga,Harding bridge,Bedload,12.5,Lupker et al 2012,Ganges 7,79.84,8.34,2.55,0.89,1.51,2.19,1.9,Ganges-Brahmaputra,,,,
BR8286,Ganga,Harding bridge,Bank,,Lupker et al 2012,,56.5,14.92,5.95,2.69,0.99,4.71,3.24,Ganges-Brahmaputra,,,,
BR8288,Brahmaputra,Jamuna bg.,Suspended,9,Lupker et al 2012,Brahmaputra 8,68.3,13.17,5.23,2.16,1.89,2.44,2.58,Ganges-Brahmaputra,,,,
BR8289,Brahmaputra,Jamuna bg.,Suspended,5,Lupker et al 2012,Brahmaputra 8,65.06,14.1,5.88,2.49,1.84,2.51,2.68,Ganges-Brahmaputra,,,,
BR8290,Brahmaputra,Jamuna bg.,Suspended,0,Lupker et al 2012,Brahmaputra 8,59.49,16.48,6.89,2.88,1.61,2.13,3.01,Ganges-Brahmaputra,,,,
BR8292,Brahmaputra,Jamuna bg.,Bedload,11.4,Lupker et al 2012,Brahmaputra 8,78,9.58,3.18,0.94,1.84,1.92,2.06,Ganges-Brahmaputra,,,,
CA10_04,Karnali,,Bank,,Lupker et al 2012,,69.11,9.97,3.18,1.72,1.62,5.68,2.43,Ganges-Brahmaputra,,,,
CA10_05,Karnali,,Bank,,Lupker et al 2012,,74.57,8.66,3.06,1.61,1.53,4.61,1.97,Ganges-Brahmaputra,,,,
CA10_06,Karnali,,Bank,,Lupker et al 2012,,64.01,12.22,4.5,2.49,1.43,4.63,3.13,Ganges-Brahmaputra,,,,
LO 1001,Narayani,Narayanghat,Bank,,Lupker et al 2012,,69.89,10.23,3.46,1.86,1.63,5.28,2.27,Ganges-Brahmaputra,,,,
LO 741,Narayani,Narayanghat,Bank,,Lupker et al 2012,,64.87,8.51,3.51,1.97,1.39,9.13,1.95,Ganges-Brahmaputra,,,,
LO 743,Karnali,Khotiaghat,Bank,,Lupker et al 2012,,73.76,7.75,2.7,1.53,1.24,4.68,1.84,Ganges-Brahmaputra,,,,
LO 748,Karnali,Khotiaghat,Suspended,5.5,Lupker et al 2012,Karnali 1,63.3,10.41,3.79,2.97,1.09,6.14,2.83,Ganges-Brahmaputra,,,,
LO 749,Karnali,Khotiaghat,Suspended,7.1,Lupker et al 2012,Karnali 1,66.53,9.75,3.41,2.52,1.13,5.43,2.56,Ganges-Brahmaputra,,,,
LO 750,Karnali,Khotiaghat,Suspended,3,Lupker et al 2012,Karnali 1,57.75,11.8,4.35,3.33,0.96,6.77,3.15,Ganges-Brahmaputra,,,,
LO 751,Karnali,Khotiaghat,Suspended,1.5,Lupker et al 2012,Karnali 1,58.52,11.7,4.36,3.46,1,6.84,3.2,Ganges-Brahmaputra,,,,
LO 754,Narayani,Narayanghat,Suspended,6,Lupker et al 2012,Narayani 2,59.47,10.97,3.6,2,1.47,9.38,2.72,Ganges-Brahmaputra,,,,
LO 755,Narayani,Narayanghat,Suspended,8,Lupker et al 2012,Narayani 2,57.77,11.17,3.66,2.05,1.45,9.7,2.78,Ganges-Brahmaputra,,,,
LO 756,Narayani,Narayanghat,Suspended,3.3,Lupker et al 2012,Narayani 2,56.78,11.34,3.82,2.07,1.38,10.91,2.84,Ganges-Brahmaputra,,,,
LO 757,Narayani,Narayanghat,Suspended,0,Lupker et al 2012,Narayani 2,53.31,11.17,3.79,2.19,1.36,11.86,2.78,Ganges-Brahmaputra,,,,
LO 758 A,Narayani,Narayanghat,Suspended,7.5,Lupker et al 2012,Narayani 2,52.26,11.07,3.94,2.32,1.2,12.97,2.74,Ganges-Brahmaputra,,,,
LO 758 B,Narayani,Narayanghat,Suspended,8,Lupker et al 2012,Narayani 2,54.7,10.76,3.68,2.21,1.35,11.43,2.66,Ganges-Brahmaputra,,,,
LO 758 C,Narayani,Narayanghat,Suspended,8.5,Lupker et al 2012,Narayani 2,69.39,8.44,2.55,2.49,1.36,5.9,1.97,Ganges-Brahmaputra,,,,
LO 762,Kosi,Chatara,Suspended,0,Lupker et al 2012,,64.64,14.86,5.34,2.15,1.78,1.88,3.61,Ganges-Brahmaputra,,,,
LO 763,Kosi,Chatara,Bank,,Lupker et al 2012,,77.58,9.87,2.92,1.2,1.72,1.58,2.35,Ganges-Brahmaputra,,,,
NAG 12,Karnali,Kotillaghat,Bedload,,Lupker et al 2012,,75.75,6.76,3.5,1.79,1.02,4.49,1.48,Ganges-Brahmaputra,,,,
PB 54,Narayani,Narayanghat,Suspended,8,Lupker et al 2012,Narayani 1,62.71,10.2,3.63,2.31,1.45,8.83,2.61,Ganges-Brahmaputra,,,,
PB 55,Narayani,Narayanghat,Suspended,6,Lupker et al 2012,Narayani 1,60.63,10.57,3.65,2.39,1.49,9.44,2.74,Ganges-Brahmaputra,,,,
PB 56,Narayani,Narayanghat,Suspended,4,Lupker et al 2012,Narayani 1,58.6,10.69,3.74,2.45,1.47,10.09,2.78,Ganges-Brahmaputra,,,,
PB 57,Narayani,Narayanghat,Suspended,2,Lupker et al 2012,Narayani 1,56.4,11.01,3.97,2.72,1.46,10.79,2.88,Ganges-Brahmaputra,,,,
PB 58,Narayani,Narayanghat,Suspended,0,Lupker et al 2012,Narayani 1,51.99,11.94,4.41,3.1,1.37,11.56,3.16,Ganges-Brahmaputra,,,,
PB 60,Narayani,Narayanghat,Suspended,0,Lupker et al 2012,Narayani 1,51.98,11.91,4.42,3.12,1.36,11.66,3.2,Ganges-Brahmaputra,,,,
PB 65,Kosi,station hydro RG,Suspended,3.8,Lupker et al 2012,Kosi 1,63.76,15.97,5.71,2.65,1.66,1.96,3.93,Ganges-Brahmaputra,,,,
PB 66,Kosi,station hydro RG,Suspended,2.8,Lupker et al 2012,Kosi 1,63.31,16.35,5.77,2.7,1.65,1.85,4.04,Ganges-Brahmaputra,,,,
PB 67,Kosi,station hydro RG,Suspended,1,Lupker et al 2012,Kosi 1,61.06,17.14,6.2,2.94,1.6,1.84,4.28,Ganges-Brahmaputra,,,,
PB 68,Kosi,station hydro RG,Suspended,0,Lupker et al 2012,Kosi 1,61.27,16.84,5.96,2.96,1.59,1.97,4.22,Ganges-Brahmaputra,,,,
PB 69,Kosi,station hydro RG,Suspended,,Lupker et al 2012,Kosi 1,57.44,17.54,6,3.78,1.59,2.24,4.52,Ganges-Brahmaputra,,,,
PB 70,Kosi,station hydro RG,Bank,,Lupker et al 2012,,79.11,9.13,2.96,1.26,1.6,1.82,1.95,Ganges-Brahmaputra,,,,
PB 79,Karnali,Chisapani,Suspended,,Lupker et al 2012,,59.03,10.57,3.94,3.46,1.15,8.69,2.75,Ganges-Brahmaputra,,,,
PB 80,Karnali,Chisapani,Bank,,Lupker et al 2012,,77.77,6.5,2.57,1.42,0.92,4.56,1.56,Ganges-Brahmaputra,,,,
YAM 1,Yamuna,Paonta,Bank,,Lupker et al 2012,,78.9,8.25,3.73,1.17,1.38,2.06,1.7,Ganges-Brahmaputra,,,,
YAM 2,Yamuna,Paonta,Bank,,Lupker et al 2012,,68.93,12.33,5.1,2.19,1.7,2.37,2.94,Ganges-Brahmaputra,,,,
YAM 3,Yamuna,Paonta,Bank,,Lupker et al 2012,,65.04,13.65,5.45,2.39,1.63,2.31,3.37,Ganges-Brahmaputra,,,,
